{"cameraMode":{"drawMode":0,"name":"Shaded","section":"Shading Mode"},"sceneLighting":true,"audioPlay":false,"sceneViewState":{"showFog":true,"showMaterialUpdate":true,"showSkybox":true,"showFlares":true,"showImageEffects":true,"showParticleSystems":true},"in2DMode":false,"pivot":{"x":1.7827105522155762,"y":1.3392391204833985,"z":4.484553337097168},"rotation":{"x":-0.02553640864789486,"y":-0.9646732211112976,"z":0.10196691751480103,"w":-0.24159130454063416},"size":5.19904899597168,"orthographic":false}